household_id,threshold,n_calibration_days
H01,8.652150630950927e-05,22
H02,4.5259594917297366e-05,22
H03,0.00011582016944885256,22
H04,9.502351284027102e-05,22
H05,7.137298583984378e-05,22
